query,title,authors,key_conclusions,relevance_score,latency_sec,status,retrieved_chunks
PPG訊號估計心率時，常見的雜訊抑制處理方式有哪些？,SPARE A Spectral Peak Recovery Algorithm for PPG Signals Pulsewave Reconstruction in Multimodal Wearable Devices,Masinelli et al.,在PPG訊號估計心率時，雜訊抑制主要針對運動引起的雜訊（motion artifacts）進行處理。根據文獻，PPG檢測器容易因使用者輕微移動而產生不準確訊號，因此許多技術被開發來處理此問題，但大多僅聚焦於心率估計（HR estimation），即使使用了先進的信號處理流程。文中提到的雜訊問題主要來自於運動引起的雜訊（motion artifacts），並指出這些雜訊會干擾PPG訊號的準確性，因此需透過適當的處理方式來抑制。,9,13.58,Success (JSON),"[1] SPARE A Spectral Peak Recovery Algorithm for PPG Signals Pulsewave Reconstruction in Multimodal Wearable Devices.pdf - First of all, the raw PPG signals are bandpass-filtered from 0.5 Hz to 5 Hz before any further processing to exclude frequency components that are not...
[2] SPARE A Spectral Peak Recovery Algorithm for PPG Signals Pulsewave Reconstruction in Multimodal Wearable Devices.pdf - Next, we extract the location of the dominant peaks in the spectrum to determine which of them corresponds to the fundamental heartbeat frequency of t...
[3] SPARE A Spectral Peak Recovery Algorithm for PPG Signals Pulsewave Reconstruction in Multimodal Wearable Devices.pdf - . Unfortunately, their simple functioning principle exposes PPG detectors to inaccuracies and disturbs whenever the subject is even slightly moving. M...
"
穿戴式裝置的跌倒偵測，常使用哪些IMU特徵？與傳統閾值法相比，SVM有什麼優勢？,Wearable Device Fall Detection Using Multisensor Data Fusion,"Pan et al., Aziz et al.",穿戴式裝置的跌倒偵測通常結合多感測器資料融合（multisensor data fusion）與三軸加速度計訊號（tri-axial accelerometer signals）來提取IMU特徵，以提升偵測準確性。在傳統閾值法與機器學習方法對比中，SVM（支援向量機）表現優異，其在區分跌倒與非跌倒事件時，敏感度（sensitivity）與特異度（specificity）皆達到96%，遠高於傳統閾值法（如Kangas3phase僅達94%），且機器學習整體表現優於閾值法。因此，SVM在跌倒偵測上具有更高的準確性與穩定性，特別適合應用於老年人的穿戴式裝置。,10,12.67,Success (JSON),"[1] Mobile Information Systems - 2020 - Pan - Human Falling Detection Algorithm Based on Multisensor Data Fusion with SVM.pdf - 9   Mobile Information Systems   SVM is more suitable for the system development based on multisensor data fusion.   A fall detection algorithm based ...
[2] A comparison of accuracy of fall detection algorithms (threshold-based vs. machine learning) using waist-mounted tri-axial accelerometer signals from a comprehensive set of falls and non-fall trials..pdf - . Among the five machine learning algorithms, SVM provided the highest combination of sensitivity (96 %) and specificity (96 %) in distinguishing fall...
[3] A comparison of accuracy of fall detection algorithms (threshold-based vs. machine learning) using waist-mounted tri-axial accelerometer signals from a comprehensive set of falls and non-fall trials..pdf - In summary, we evaluated five machine learning and five threshold-based algorithms in this study. Machine learning algorithms provided greater overall...
"
如何利用穿戴裝置的HRV非線性指標來估計乳酸閾值(LTHR)？,利用HRV非線性指標估計乳酸閾值的研究綜述,"Mateo-March et al., Kaufmann et al.",根據相關文獻，可利用穿戴裝置所測得的心率變異性（HRV）的非線性指標——即去趨勢翻轉分析（DFA-α1）——來估計運動中的乳酸閾值（LTHR）。研究顯示，DFA-α1 HRV分析能有效檢測訓練強度閾值，並與血乳酸閾值（blood lactate threshold）進行對比，用以驗證其有效性。在精英騎行員的研究中，第一與第二訓練強度閾值（LT1與LT2）分別透過DFA-α1（對應乳酸與HRV）與血乳酸濃度計算得出，顯示HRV非線性指標可作為無創性方法來判斷運動強度閾值，進而推論乳酸閾值。然而，由於研究結果異質性高，目前尚無法完全統一所有研究間的協調性。,9,14.34,Success (JSON),"[1] Validity of detrended fluctuation analysis of heart rate variability to determine intensity thresholds in elite cyclists.pdf - . Methodology: 38 male elite cyclists performed a graded exercise test to determine their individual thresholds. HRV and blood lactate were monitored ...
[2] Validity of detrended fluctuation analysis of heart rate variability to determine intensity thresholds in elite cyclists.pdf - . The short-term scaling exponent alpha 1 of detrended Fluctuation Analysis (DFA-α1) of the Heart Rate Variability (HRV) has been proposed as a non-in...
[3] Heart rate variability-derived thresholds for exercise intensity prescription in endurance sports a systematic review of interrelations and agreement with different ventilatory and blood lactate thresholds..pdf - This systematic review aims to provide an overview on HRVTs and their interrelations and agreements with traditional concepts of ventilatory and blood...
"
GOMORE 的乳酸閾值演算法是否支援 Apple Watch 的血氧感測器？,未知,未知,資料中查無,0,6.4,Success (JSON),查無符合門檻之資料
